"display_name","first_name","id","last_name","party","state"
"Abraham (R-MI)","Spencer","S238","Abraham","R","MI"
"Allard (R-CO)","Wayne","S250","Allard","R","CO"
"Ashcroft (R-MO)","John","S239","Ashcroft","R","MO"
"Bond (R-MO)","Christopher","S200","Bond","R","MO"
"Brownback (R-KS)","Sam","S249","Brownback","R","KS"
"Burns (R-MT)","Conrad","S211","Burns","R","MT"
"Coverdell (R-GA)","Paul","S228","Coverdell","R","GA"
"Craig (R-ID)","Larry","S215","Craig","R","ID"
"D'Amato (R-NY)","Alfonse","S147","D'Amato","R","NY"
"Enzi (R-WY)","Michael","S254","Enzi","R","WY"
"Frist (R-TN)","Bill","S241","Frist","R","TN"
"Gramm (R-TX)","Phil","S171","Gramm","R","TX"
"Grams (R-MN)","Rod","S242","Grams","R","MN"
"Grassley (R-IA)","Chuck","S153","Grassley","R","IA"
"Gregg (R-NH)","Judd","S224","Gregg","R","NH"
"Hagel (R-NE)","Chuck","S255","Hagel","R","NE"
"Helms (R-NC)","Jesse","S046","Helms","R","NC"
"Hutchinson (R-AR)","Tim","S256","Hutchinson","R","AR"
"Hutchison (R-TX)","Kay","S235","Hutchison","R","TX"
"Inhofe (R-OK)","James","S236","Inhofe","R","OK"
"Kyl (R-AZ)","Jon","S243","Kyl","R","AZ"
"Lott (R-MS)","Trent","S203","Lott","R","MS"
"McCain (R-AZ)","John","S197","McCain","R","AZ"
"McConnell (R-KY)","Mitch","S174","McConnell","R","KY"
"Murkowski (R-AK)","Frank","S157","Murkowski","R","AK"
"Nickles (R-OK)","Don","S158","Nickles","R","OK"
"Roberts (R-KS)","Pat","S260","Roberts","R","KS"
"Smith (R-NH)","Bob","S216","Smith","R","NH"
"Snowe (R-ME)","Olympia","S245","Snowe","R","ME"
"Warner (R-VA)","John","S143","Warner","R","VA"
"Durbin (D-IL)","Richard","S253","Durbin","D","IL"
"Faircloth (R-NC)","Lauch","S227","Faircloth","R","NC"
"Moseley-Braun (D-IL)","Carol","S226","Moseley-Braun","D","IL"
"Akaka (D-HI)","Daniel","S213","Akaka","D","HI"
"Baucus (D-MT)","Max","S127","Baucus","D","MT"
"Bennett (R-UT)","Robert","S231","Bennett","R","UT"
"Biden (D-DE)","Joseph","S010","Biden","D","DE"
"Bingaman (D-NM)","Jeff","S167","Bingaman","D","NM"
"Boxer (D-CA)","Barbara","S223","Boxer","D","CA"
"Breaux (D-LA)","John","S179","Breaux","D","LA"
"Bryan (D-NV)","Richard","S206","Bryan","D","NV"
"Bumpers (D-AR)","Dale","S014","Bumpers","D","AR"
"Byrd (D-WV)","Robert","S017","Byrd","D","WV"
"Campbell (R-CO)","Ben","S225","Campbell","R","CO"
"Chafee (R-RI)","John","S116","Chafee","R","RI"
"Cleland (D-GA)","Max","S251","Cleland","D","GA"
"Coats (R-IN)","Dan","S212","Coats","R","IN"
"Cochran (R-MS)","Thad","S136","Cochran","R","MS"
"Collins (R-ME)","Susan","S252","Collins","R","ME"
"Conrad (D-ND)","Kent","S201","Conrad","D","ND"
"Daschle (D-SD)","Thomas","S185","Daschle","D","SD"
"DeWine (R-OH)","Mike","S240","DeWine","R","OH"
"Dodd (D-CT)","Christopher","S150","Dodd","D","CT"
"Domenici (R-NM)","Pete","S027","Domenici","R","NM"
"Dorgan (D-ND)","Byron","S222","Dorgan","D","ND"
"Feingold (D-WI)","Russell","S230","Feingold","D","WI"
"Feinstein (D-CA)","Dianne","S221","Feinstein","D","CA"
"Ford (D-KY)","Wendell","S033","Ford","D","KY"
"Glenn (D-OH)","John","S035","Glenn","D","OH"
"Gorton (R-WA)","Slade","S152","Gorton","R","WA"
"Graham (D-FL)","Bob","S199","Graham","D","FL"
"Harkin (D-IA)","Tom","S172","Harkin","D","IA"
"Hatch (R-UT)","Orrin","S118","Hatch","R","UT"
"Hollings (D-SC)","Ernest","S047","Hollings","D","SC"
"Inouye (D-HI)","Daniel","S051","Inouye","D","HI"
"Jeffords (R-VT)","James","S204","Jeffords","R","VT"
"Johnson (D-SD)","Tim","S257","Johnson","D","SD"
"Kempthorne (R-ID)","Dirk","S232","Kempthorne","R","ID"
"Kennedy (D-MA)","Edward","S055","Kennedy","D","MA"
"Kerrey (D-NE)","J.","S208","Kerrey","D","NE"
"Kerry (D-MA)","John","S173","Kerry","D","MA"
"Kohl (D-WI)","Herb","S209","Kohl","D","WI"
"Landrieu (D-LA)","Mary","S258","Landrieu","D","LA"
"Lautenberg (D-NJ)","Frank","S166","Lautenberg","D","NJ"
"Leahy (D-VT)","Patrick","S057","Leahy","D","VT"
"Levin (D-MI)","Carl","S131","Levin","D","MI"
"Lieberman (D-CT)","Joseph","S210","Lieberman","D","CT"
"Lugar (R-IN)","Richard","S105","Lugar","R","IN"
"Mack (R-FL)","Connie","S205","Mack","R","FL"
"Mikulski (D-MD)","Barbara","S182","Mikulski","D","MD"
"Moynihan (D-NY)","Daniel","S113","Moynihan","D","NY"
"Murray (D-WA)","Patty","S229","Murray","D","WA"
"Reed (D-RI)","Jack","S259","Reed","D","RI"
"Reid (D-NV)","Harry","S198","Reid","D","NV"
"Robb (D-VA)","Charles","S207","Robb","D","VA"
"Rockefeller (D-WV)","John","S176","Rockefeller","D","WV"
"Roth (R-DE)","William","S083","Roth","R","DE"
"Santorum (R-PA)","Rick","S244","Santorum","R","PA"
"Sarbanes (D-MD)","Paul","S106","Sarbanes","D","MD"
"Sessions (R-AL)","Jeff","S261","Sessions","R","AL"
"Shelby (R-AL)","Richard","S184","Shelby","R","AL"
"Smith (R-OR)","Gordon","S262","Smith","R","OR"
"Specter (R-PA)","Arlen","S161","Specter","R","PA"
"Stevens (R-AK)","Ted","S090","Stevens","R","AK"
"Thomas (R-WY)","Craig","S246","Thomas","R","WY"
"Thompson (R-TN)","Fred","S237","Thompson","R","TN"
"Thurmond (R-SC)","Strom","S096","Thurmond","R","SC"
"Torricelli (D-NJ)","Robert","S263","Torricelli","D","NJ"
"Wellstone (D-MN)","Paul","S217","Wellstone","D","MN"
"Wyden (D-OR)","Ron","S247","Wyden","D","OR"
